company_id,cluster_id,centroid_distance,return_on_equity_pct,debt_to_equity,operating_profit_margin_pct,revenue_cagr,fcf_cagr_5yr
ABB,0,0.325618726575047,32.47,0.02,24.84,11.44,16.59
ADANIENSOL,0,0.9251691149313239,9.46,2.93,34.39,8.29,14.25
ADANIENT,0,1.0584015289759123,8.53,1.67,11.8,6.82,38.42
ADANIGREEN,3,2.2525413243139885,12.81,6.6,79.37,46.72,46.31
ADANIPORTS,4,0.9596036971903024,15.35,0.94,58.36,18.86,15.95
ADANIPOWER,0,0.6217293434487826,48.28,0.8,36.2,19.12,21.77
AMBUJACEM,0,0.7369092824237821,12.48,0.27,13.15,10.65,4.1
APOLLOHOSP,0,0.31242965984949633,13.48,0.77,12.56,15.14,16.43
ASIANPAINT,0,0.26605765804726816,29.68,0.13,21.37,10.51,20.62
ATGL,0,0.2575138418321085,18.66,0.43,24.67,19.66,17.65
AXISBANK,3,2.3843249538739117,15.83,8.25,34.69,13.22,-42.7
BAJAJ-AUTO,0,0.2681443561699231,26.61,0.07,19.53,7.72,19.16
BAJAJFINSV,3,1.3363911766095686,25.85,4.79,37.04,25.78,3.95
BAJAJHLDNG,4,0.7792447161540648,13.58,0.0,91.77,14.62,24.99
BAJFINANCE,0,1.329432632465988,18.84,3.82,29.29,27.72,3.95
BANKBARODA,3,1.5686996397964925,15.76,12.14,37.49,10.75,3.95
BEL,2,0.754135456597314,4744.05,0.51,24.92,10.84,34.44
BHARTIARTL,0,1.3403853082221462,10.36,2.61,52.2,6.04,21.87
BHEL,0,0.9265421537390587,1.15,0.36,2.98,-5.18,30.56
BOSCHLTD,0,1.3084053537748792,20.64,0.0,12.52,5.86,-8.22
BPCL,0,0.4034620502765952,35.51,0.72,9.84,5.21,17.65
BRITANNIA,0,0.4602233945416599,54.15,0.52,18.89,8.92,8.72
CANBK,3,2.4645912515171666,16.72,14.87,41.75,11.02,-2.42
CHOLAFIN,3,1.072209333029362,17.46,6.86,28.1,19.82,3.95
CIPLA,4,0.4313551039567783,15.55,0.02,75.59,10.35,16.06
COALINDIA,4,0.8657553243013505,45.17,0.08,66.29,6.18,-1.41
DABUR,0,0.4476062457996505,18.36,0.14,19.35,6.07,10.19
DIVISLAB,0,1.0012642859288912,11.79,0.0,28.17,12.28,-1.37
DLF,0,0.5781319528645061,6.91,0.12,33.05,-0.87,14.73
DMART,0,0.6658045834975052,13.56,0.03,8.08,26.71,24.19
DRREDDY,0,0.3878034647047947,19.74,0.07,28.32,8.42,18.71
EICHERMOT,0,0.4450581889375298,22.17,0.02,26.18,8.54,24.02
GAIL,0,0.5973451175701315,12.86,0.28,10.74,8.53,8.75
GODREJCP,0,0.2893588181497991,-4.45,0.26,20.98,6.82,22.41
GRASIM,0,3.227614450490225,11.2,1.55,20.76,14.19,86.25
HAL,2,0.7541354565973186,3816.58,0.62,32.09,6.69,30.56
HAVELLS,0,1.0947108276108444,17.07,0.04,10.12,9.27,39.09
HCLTECH,0,1.7638829626735824,30.31,0.03,23.12,7.66,-18.78
HDFCBANK,3,0.5135997418731283,14.34,6.81,61.41,20.29,3.95
HDFCLIFE,4,0.7214981684093265,10.73,0.06,99.48,17.84,3.95
HEROMOTOCO,4,0.6725195746537487,21.14,0.03,86.15,4.28,23.71
HINDALCO,4,0.3926954324473473,9.57,0.53,88.95,8.94,17.06
HINDUNILVR,4,0.8475286971105379,20.07,0.03,76.32,7.27,27.23
ICICIBANK,3,1.3649579205420421,17.99,6.45,62.41,12.3,30.78
ICICIGI,4,0.8297293983660144,15.72,0.0,87.42,15.79,-5.79
ICICIPRULI,4,3.6292832373311623,7.73,0.11,102.03,11.95,-64.62
INDIGO,4,1.9856059905295995,892.57,0.02,76.3,19.3,42.1
INDUSINDBK,3,0.731903348126861,14.25,6.89,38.55,17.63,3.95
INFY,0,0.32781566986848953,29.79,0.09,23.7,12.16,14.39
IOC,0,0.48987308142594027,23.53,0.72,9.74,4.26,23.77
IRCTC,0,0.8435562794468302,34.4,0.02,34.33,15.45,5.18
IRFC,3,1.6454491853479318,13.04,8.38,99.5,14.06,3.95
ITC,0,1.0606379399634034,27.85,0.0,37.02,7.48,0.67
JINDALSTEL,0,0.5104534969321074,13.41,0.37,20.26,8.03,7.8
JIOFIN,1,0.0,1.15,0.0,84.04,561.31,3.95
JSWENERGY,0,1.4966004567389701,8.28,1.52,46.86,2.13,41.48
JSWSTEEL,0,0.859537731148329,11.55,1.13,16.09,13.26,0.4
KOTAKBANK,4,1.7284533658058079,14.01,4.0,83.67,15.96,36.75
LICI,0,0.6748699327575567,49.45,0.0,3.87,7.78,17.54
LODHA,0,0.3013077474649925,8.9,0.44,25.83,16.49,14.73
LT,0,0.545943871623843,77.67,0.1,13.51,10.21,26.68
LTIM,0,0.855832854363179,22.9,0.1,17.98,20.78,34.93
M&M,0,0.34921997446583397,18.54,1.64,17.9,6.48,21.130000000000003
MARUTI,0,0.45592068896093896,15.75,0.0,13.13,10.4,23.1
MOTHERSON,0,0.4674560457527849,11.55,0.76,9.45,12.98,13.25
NAUKRI,0,0.9328415862004743,1.97,0.01,28.04,15.51,35.92
NESTLEIND,0,0.3207214767804542,117.75,0.1,23.83,6.69,17.88
NHPC,0,1.0940422906931055,10.41,0.84,49.91,3.54,20.85
NTPC,0,0.5060530493393544,13.27,1.48,28.83,8.29,11.27
ONGC,0,0.43197069899887564,16.94,0.45,17.39,12.4,9.68
PFC,3,0.6871660114159687,26.16,8.52,36.69,15.56,3.95
PIDILITIND,0,0.5003962820843851,20.78,0.05,21.87,11.02,27.04
PNB,0,1.4127763848812962,61.32,3.68,40.15,8.62,3.95
POWERGRID,4,0.4835610700443951,17.87,1.42,86.87,11.01,3.72
RECLTD,3,1.7889451170443627,20.4,6.42,100.77,11.71,3.95
RELIANCE,0,0.204102788310877,9.96,0.58,18.07,7.47,14.76
SBILIFE,0,0.8130572191366099,12.7,0.0,0.19,19.81,17.43
SBIN,0,2.0489685109409717,15.74,4.395,-13.73,8.95,-3.35
SHREECEM,0,1.5705319931399624,8.07,0.17,21.47,7.2,-14.83
SHRIRAMFIN,0,1.3443303915123401,15.12,3.99,28.92,15.59,3.95
SIEMENS,0,1.0203888151031772,17.7,0.02,13.96,5.81,-2.04
SUNPHARMA,0,1.0385092925646293,15.09,0.05,26.84,13.39,38.77
TATACONSUM,0,2.5147024718872224,7.57,0.22,15.02,6.86,71.02
TATAMOTORS,0,0.30637839628719676,37.46,1.26,13.6,7.31,17.93
TATAPOWER,0,0.8593198263137042,13.23,1.66,17.47,5.56,34.87
TATASTEEL,0,1.3311749810126359,-5.33,0.95,9.71,4.21,-8.71
TCS,0,0.4859347846727094,50.94,0.09,26.69,12.25,10.77
TECHM,0,0.8681921666110748,8.99,0.1,8.67,18.46,3.32
TITAN,0,1.046773057802147,37.22,1.65,10.36,15.05,-1.58
TORNTPHARM,0,0.53016870541142,24.15,0.59,31.39,11.08,10.88
TRENT,0,3.8736886712785283,36.31,0.43,15.93,17.67,100.02
TVSMOTOR,0,1.1045106884176537,26.22,3.83,14.05,15.63,21.130000000000003
