company_id,type,rule_id,text,confidence_pct
ABB,pro,PRO_01,Consistently high return on equity above 20% demonstrates exceptional capital efficiency,78.33
ABB,pro,PRO_02,Strong free cash flow generation over 5 years signals healthy business fundamentals,84.71
ABB,pro,PRO_05,Operating profit margin above 25% indicates strong pricing power and cost discipline,70.5
ABB,pro,PRO_07,Very high interest coverage ratio reflects negligible financial stress from debt servicing,100.0
ABB,pro,PRO_09,Earnings per share growing above 15% CAGR indicates strong earnings quality and compounding,71.74
ABB,pro,PRO_10,Return on equity improving for 3 consecutive years shows strengthening business quality,75.91
ABB,pro,PRO_11,Revenue growing slower than profits shows improving operating leverage and scale benefits,78.54
ABB,con,CON_FALLBACK,No primary risk signal crossed the defined Con-rule thresholds in the available financial data,61.0
ADANIENSOL,pro,PRO_02,Strong free cash flow generation over 5 years signals healthy business fundamentals,91.1
ADANIENSOL,pro,PRO_05,Operating profit margin above 25% indicates strong pricing power and cost discipline,74.83
ADANIENSOL,con,CON_10,Return on capital employed below 10% suggests the business is not generating sufficient returns on invested capital,75.0
ADANIENSOL,con,CON_11,Net debt exceeding 3 times EBITDA is a high leverage ratio and limits financial flexibility,85.87
ADANIENT,pro,PRO_02,Strong free cash flow generation over 5 years signals healthy business fundamentals,73.21
ADANIENT,pro,PRO_04,Revenue growing at above 15% CAGR over 5 years reflects strong business momentum,73.71
ADANIENT,pro,PRO_06,Net profit compounding at above 20% over 5 years creates significant shareholder value,92.38
ADANIENT,pro,PRO_09,Earnings per share growing above 15% CAGR indicates strong earnings quality and compounding,92.42
ADANIENT,pro,PRO_11,Revenue growing slower than profits shows improving operating leverage and scale benefits,93.67
ADANIENT,con,CON_11,Net debt exceeding 3 times EBITDA is a high leverage ratio and limits financial flexibility,86.13
ADANIGREEN,pro,PRO_02,Strong free cash flow generation over 5 years signals healthy business fundamentals,75.95
ADANIGREEN,pro,PRO_04,Revenue growing at above 15% CAGR over 5 years reflects strong business momentum,88.43
ADANIGREEN,pro,PRO_05,Operating profit margin above 25% indicates strong pricing power and cost discipline,100.0
ADANIGREEN,con,CON_11,Net debt exceeding 3 times EBITDA is a high leverage ratio and limits financial flexibility,100.0
ADANIPORTS,pro,PRO_02,Strong free cash flow generation over 5 years signals healthy business fundamentals,78.55
ADANIPORTS,pro,PRO_05,Operating profit margin above 25% indicates strong pricing power and cost discipline,100.0
ADANIPORTS,pro,PRO_11,Revenue growing slower than profits shows improving operating leverage and scale benefits,76.16
ADANIPORTS,con,CON_FALLBACK,No primary risk signal crossed the defined Con-rule thresholds in the available financial data,61.0
ADANIPOWER,pro,PRO_01,Consistently high return on equity above 20% demonstrates exceptional capital efficiency,76.61
ADANIPOWER,pro,PRO_02,Strong free cash flow generation over 5 years signals healthy business fundamentals,83.43
ADANIPOWER,pro,PRO_04,Revenue growing at above 15% CAGR over 5 years reflects strong business momentum,70.6
ADANIPOWER,pro,PRO_05,Operating profit margin above 25% indicates strong pricing power and cost discipline,83.36
ADANIPOWER,pro,PRO_10,Return on equity improving for 3 consecutive years shows strengthening business quality,100.0
ADANIPOWER,con,CON_FALLBACK,No primary risk signal crossed the defined Con-rule thresholds in the available financial data,61.0
AMBUJACEM,pro,PRO_02,Strong free cash flow generation over 5 years signals healthy business fundamentals,75.08
AMBUJACEM,pro,PRO_07,Very high interest coverage ratio reflects negligible financial stress from debt servicing,83.66
AMBUJACEM,pro,PRO_08,Consistent dividend yield above 2% backed by positive free cash flow,71.1
AMBUJACEM,pro,PRO_11,Revenue growing slower than profits shows improving operating leverage and scale benefits,72.9
AMBUJACEM,con,CON_12,Revenue growing at below 5% over 5 years lags inflation and suggests limited business momentum,71.08
APOLLOHOSP,pro,PRO_02,Strong free cash flow generation over 5 years signals healthy business fundamentals,83.73
APOLLOHOSP,pro,PRO_06,Net profit compounding at above 20% over 5 years creates significant shareholder value,73.16
APOLLOHOSP,pro,PRO_08,Consistent dividend yield above 2% backed by positive free cash flow,71.22
APOLLOHOSP,pro,PRO_09,Earnings per share growing above 15% CAGR indicates strong earnings quality and compounding,74.97
APOLLOHOSP,pro,PRO_11,Revenue growing slower than profits shows improving operating leverage and scale benefits,80.44
APOLLOHOSP,con,CON_FALLBACK,No primary risk signal crossed the defined Con-rule thresholds in the available financial data,61.0
ASIANPAINT,pro,PRO_01,Consistently high return on equity above 20% demonstrates exceptional capital efficiency,72.34
ASIANPAINT,pro,PRO_02,Strong free cash flow generation over 5 years signals healthy business fundamentals,74.52
ASIANPAINT,pro,PRO_07,Very high interest coverage ratio reflects negligible financial stress from debt servicing,92.15
ASIANPAINT,pro,PRO_08,Consistent dividend yield above 2% backed by positive free cash flow,70.42
ASIANPAINT,con,CON_08,Rising debt-to-equity ratio over 3 years suggests increasing financial leverage risk,70.8
ATGL,pro,PRO_04,Revenue growing at above 15% CAGR over 5 years reflects strong business momentum,75.81
ATGL,pro,PRO_07,Very high interest coverage ratio reflects negligible financial stress from debt servicing,71.37
ATGL,con,CON_FALLBACK,No primary risk signal crossed the defined Con-rule thresholds in the available financial data,61.0
AXISBANK,pro,PRO_02,Strong free cash flow generation over 5 years signals healthy business fundamentals,71.54
AXISBANK,pro,PRO_05,Operating profit margin above 25% indicates strong pricing power and cost discipline,81.94
AXISBANK,pro,PRO_06,Net profit compounding at above 20% over 5 years creates significant shareholder value,100.0
AXISBANK,pro,PRO_08,Consistent dividend yield above 2% backed by positive free cash flow,70.32
AXISBANK,pro,PRO_09,Earnings per share growing above 15% CAGR indicates strong earnings quality and compounding,100.0
AXISBANK,pro,PRO_11,Revenue growing slower than profits shows improving operating leverage and scale benefits,100.0
AXISBANK,con,CON_10,Return on capital employed below 10% suggests the business is not generating sufficient returns on invested capital,84.7
AXISBANK,con,CON_11,Net debt exceeding 3 times EBITDA is a high leverage ratio and limits financial flexibility,100.0
BAJAJ-AUTO,pro,PRO_01,Consistently high return on equity above 20% demonstrates exceptional capital efficiency,70.64
BAJAJ-AUTO,pro,PRO_02,Strong free cash flow generation over 5 years signals healthy business fundamentals,90.24
BAJAJ-AUTO,pro,PRO_07,Very high interest coverage ratio reflects negligible financial stress from debt servicing,100.0
BAJAJ-AUTO,pro,PRO_08,Consistent dividend yield above 2% backed by positive free cash flow,71.59
BAJAJ-AUTO,con,CON_FALLBACK,No primary risk signal crossed the defined Con-rule thresholds in the available financial data,61.0
BAJAJFINSV,pro,PRO_01,Consistently high return on equity above 20% demonstrates exceptional capital efficiency,70.66
BAJAJFINSV,pro,PRO_04,Revenue growing at above 15% CAGR over 5 years reflects strong business momentum,73.36
BAJAJFINSV,pro,PRO_05,Operating profit margin above 25% indicates strong pricing power and cost discipline,81.02
BAJAJFINSV,pro,PRO_06,Net profit compounding at above 20% over 5 years creates significant shareholder value,72.48
BAJAJFINSV,pro,PRO_09,Earnings per share growing above 15% CAGR indicates strong earnings quality and compounding,75.34
BAJAJFINSV,pro,PRO_11,Revenue growing slower than profits shows improving operating leverage and scale benefits,74.12
BAJAJFINSV,con,CON_02,Free cash flow negative for 3 consecutive years raises concern about cash generation quality,90.0
BAJAJFINSV,con,CON_08,Rising debt-to-equity ratio over 3 years suggests increasing financial leverage risk,94.0
BAJAJFINSV,con,CON_11,Net debt exceeding 3 times EBITDA is a high leverage ratio and limits financial flexibility,100.0
BAJAJHLDNG,pro,PRO_02,Strong free cash flow generation over 5 years signals healthy business fundamentals,76.4
BAJAJHLDNG,pro,PRO_04,Revenue growing at above 15% CAGR over 5 years reflects strong business momentum,86.84
BAJAJHLDNG,pro,PRO_05,Operating profit margin above 25% indicates strong pricing power and cost discipline,100.0
BAJAJHLDNG,pro,PRO_07,Very high interest coverage ratio reflects negligible financial stress from debt servicing,100.0
BAJAJHLDNG,pro,PRO_08,Consistent dividend yield above 2% backed by positive free cash flow,71.37
BAJAJHLDNG,pro,PRO_09,Earnings per share growing above 15% CAGR indicates strong earnings quality and compounding,74.88
BAJAJHLDNG,con,CON_FALLBACK,No primary risk signal crossed the defined Con-rule thresholds in the available financial data,61.0
BAJFINANCE,pro,PRO_04,Revenue growing at above 15% CAGR over 5 years reflects strong business momentum,73.75
BAJFINANCE,pro,PRO_05,Operating profit margin above 25% indicates strong pricing power and cost discipline,75.42
BAJFINANCE,pro,PRO_06,Net profit compounding at above 20% over 5 years creates significant shareholder value,73.93
BAJFINANCE,pro,PRO_07,Very high interest coverage ratio reflects negligible financial stress from debt servicing,100.0
BAJFINANCE,pro,PRO_09,Earnings per share growing above 15% CAGR indicates strong earnings quality and compounding,78.31
BAJFINANCE,pro,PRO_11,Revenue growing slower than profits shows improving operating leverage and scale benefits,75.18
BAJFINANCE,con,CON_02,Free cash flow negative for 3 consecutive years raises concern about cash generation quality,90.0
BAJFINANCE,con,CON_11,Net debt exceeding 3 times EBITDA is a high leverage ratio and limits financial flexibility,100.0
BANKBARODA,pro,PRO_05,Operating profit margin above 25% indicates strong pricing power and cost discipline,82.42
BANKBARODA,pro,PRO_06,Net profit compounding at above 20% over 5 years creates significant shareholder value,100.0
BANKBARODA,pro,PRO_09,Earnings per share growing above 15% CAGR indicates strong earnings quality and compounding,100.0
BANKBARODA,pro,PRO_10,Return on equity improving for 3 consecutive years shows strengthening business quality,83.79
BANKBARODA,pro,PRO_11,Revenue growing slower than profits shows improving operating leverage and scale benefits,100.0
BANKBARODA,con,CON_03,Operating margins declining for 3 consecutive years suggest pricing or cost pressure,83.7
BANKBARODA,con,CON_10,Return on capital employed below 10% suggests the business is not generating sufficient returns on invested capital,88.35
BANKBARODA,con,CON_11,Net debt exceeding 3 times EBITDA is a high leverage ratio and limits financial flexibility,100.0
BEL,pro,PRO_01,Consistently high return on equity above 20% demonstrates exceptional capital efficiency,100.0
BEL,pro,PRO_02,Strong free cash flow generation over 5 years signals healthy business fundamentals,79.13
BEL,pro,PRO_05,Operating profit margin above 25% indicates strong pricing power and cost discipline,71.46
BEL,pro,PRO_07,Very high interest coverage ratio reflects negligible financial stress from debt servicing,100.0
BEL,pro,PRO_11,Revenue growing slower than profits shows improving operating leverage and scale benefits,79.28
BEL,con,CON_FALLBACK,No primary risk signal crossed the defined Con-rule thresholds in the available financial data,61.0
BHARTIARTL,pro,PRO_02,Strong free cash flow generation over 5 years signals healthy business fundamentals,81.02
BHARTIARTL,pro,PRO_05,Operating profit margin above 25% indicates strong pricing power and cost discipline,96.93
BHARTIARTL,con,CON_FALLBACK,No primary risk signal crossed the defined Con-rule thresholds in the available financial data,61.0
BHEL,pro,PRO_FALLBACK,Company does not trigger any primary positive screening rule but remains included in the financial analysis universe,61.0
BHEL,con,CON_10,Return on capital employed below 10% suggests the business is not generating sufficient returns on invested capital,100.0
BHEL,con,CON_11,Net debt exceeding 3 times EBITDA is a high leverage ratio and limits financial flexibility,100.0
BHEL,con,CON_12,Revenue growing at below 5% over 5 years lags inflation and suggests limited business momentum,71.22
BOSCHLTD,pro,PRO_02,Strong free cash flow generation over 5 years signals healthy business fundamentals,74.13
BOSCHLTD,pro,PRO_06,Net profit compounding at above 20% over 5 years creates significant shareholder value,76.24
BOSCHLTD,pro,PRO_07,Very high interest coverage ratio reflects negligible financial stress from debt servicing,100.0
BOSCHLTD,pro,PRO_08,Consistent dividend yield above 2% backed by positive free cash flow,72.23
BOSCHLTD,pro,PRO_09,Earnings per share growing above 15% CAGR indicates strong earnings quality and compounding,81.3
BOSCHLTD,pro,PRO_10,Return on equity improving for 3 consecutive years shows strengthening business quality,85.73
BOSCHLTD,pro,PRO_11,Revenue growing slower than profits shows improving operating leverage and scale benefits,84.49
BOSCHLTD,pro,PRO_12,Growing asset base funded by internal accruals reflects self-sustaining growth,90.0
BOSCHLTD,con,CON_FALLBACK,No primary risk signal crossed the defined Con-rule thresholds in the available financial data,61.0
BPCL,pro,PRO_02,Strong free cash flow generation over 5 years signals healthy business fundamentals,82.28
BPCL,pro,PRO_06,Net profit compounding at above 20% over 5 years creates significant shareholder value,80.23
BPCL,pro,PRO_09,Earnings per share growing above 15% CAGR indicates strong earnings quality and compounding,90.52
BPCL,pro,PRO_11,Revenue growing slower than profits shows improving operating leverage and scale benefits,90.85
BPCL,con,CON_05,Revenue contraction over 2 consecutive years indicates demand weakness or market share loss,75.83
BRITANNIA,pro,PRO_01,Consistently high return on equity above 20% demonstrates exceptional capital efficiency,100.0
BRITANNIA,pro,PRO_02,Strong free cash flow generation over 5 years signals healthy business fundamentals,86.47
BRITANNIA,pro,PRO_07,Very high interest coverage ratio reflects negligible financial stress from debt servicing,87.42
BRITANNIA,pro,PRO_11,Revenue growing slower than profits shows improving operating leverage and scale benefits,70.59
BRITANNIA,con,CON_FALLBACK,No primary risk signal crossed the defined Con-rule thresholds in the available financial data,61.0
CANBK,pro,PRO_04,Revenue growing at above 15% CAGR over 5 years reflects strong business momentum,74.13
CANBK,pro,PRO_05,Operating profit margin above 25% indicates strong pricing power and cost discipline,85.23
CANBK,pro,PRO_08,Consistent dividend yield above 2% backed by positive free cash flow,71.81
CANBK,pro,PRO_10,Return on equity improving for 3 consecutive years shows strengthening business quality,81.98
CANBK,con,CON_03,Operating margins declining for 3 consecutive years suggest pricing or cost pressure,88.16
CANBK,con,CON_10,Return on capital employed below 10% suggests the business is not generating sufficient returns on invested capital,86.85
CANBK,con,CON_11,Net debt exceeding 3 times EBITDA is a high leverage ratio and limits financial flexibility,100.0
CHOLAFIN,pro,PRO_04,Revenue growing at above 15% CAGR over 5 years reflects strong business momentum,75.9
CHOLAFIN,pro,PRO_05,Operating profit margin above 25% indicates strong pricing power and cost discipline,73.67
CHOLAFIN,pro,PRO_06,Net profit compounding at above 20% over 5 years creates significant shareholder value,79.59
CHOLAFIN,pro,PRO_07,Very high interest coverage ratio reflects negligible financial stress from debt servicing,86.11
CHOLAFIN,pro,PRO_09,Earnings per share growing above 15% CAGR indicates strong earnings quality and compounding,83.75
CHOLAFIN,pro,PRO_11,Revenue growing slower than profits shows improving operating leverage and scale benefits,78.69
CHOLAFIN,con,CON_02,Free cash flow negative for 3 consecutive years raises concern about cash generation quality,90.0
CHOLAFIN,con,CON_11,Net debt exceeding 3 times EBITDA is a high leverage ratio and limits financial flexibility,100.0
CIPLA,pro,PRO_02,Strong free cash flow generation over 5 years signals healthy business fundamentals,83.41
CIPLA,pro,PRO_05,Operating profit margin above 25% indicates strong pricing power and cost discipline,100.0
CIPLA,pro,PRO_06,Net profit compounding at above 20% over 5 years creates significant shareholder value,77.16
CIPLA,pro,PRO_07,Very high interest coverage ratio reflects negligible financial stress from debt servicing,84.45
CIPLA,pro,PRO_09,Earnings per share growing above 15% CAGR indicates strong earnings quality and compounding,81.69
CIPLA,pro,PRO_11,Revenue growing slower than profits shows improving operating leverage and scale benefits,87.65
CIPLA,pro,PRO_12,Growing asset base funded by internal accruals reflects self-sustaining growth,90.0
CIPLA,con,CON_03,Operating margins declining for 3 consecutive years suggest pricing or cost pressure,74.68
COALINDIA,pro,PRO_01,Consistently high return on equity above 20% demonstrates exceptional capital efficiency,90.28
COALINDIA,pro,PRO_02,Strong free cash flow generation over 5 years signals healthy business fundamentals,72.7
COALINDIA,pro,PRO_05,Operating profit margin above 25% indicates strong pricing power and cost discipline,100.0
COALINDIA,pro,PRO_07,Very high interest coverage ratio reflects negligible financial stress from debt servicing,71.51
COALINDIA,pro,PRO_08,Consistent dividend yield above 2% backed by positive free cash flow,72.38
COALINDIA,pro,PRO_09,Earnings per share growing above 15% CAGR indicates strong earnings quality and compounding,70.71
COALINDIA,pro,PRO_11,Revenue growing slower than profits shows improving operating leverage and scale benefits,77.65
COALINDIA,con,CON_FALLBACK,No primary risk signal crossed the defined Con-rule thresholds in the available financial data,61.0
DABUR,pro,PRO_02,Strong free cash flow generation over 5 years signals healthy business fundamentals,87.66
DABUR,pro,PRO_07,Very high interest coverage ratio reflects negligible financial stress from debt servicing,78.93
DABUR,pro,PRO_08,Consistent dividend yield above 2% backed by positive free cash flow,71.42
DABUR,con,CON_08,Rising debt-to-equity ratio over 3 years suggests increasing financial leverage risk,71.4
DIVISLAB,pro,PRO_02,Strong free cash flow generation over 5 years signals healthy business fundamentals,77.54
DIVISLAB,pro,PRO_05,Operating profit margin above 25% indicates strong pricing power and cost discipline,74.7
DIVISLAB,pro,PRO_07,Very high interest coverage ratio reflects negligible financial stress from debt servicing,100.0
DIVISLAB,con,CON_FALLBACK,No primary risk signal crossed the defined Con-rule thresholds in the available financial data,61.0
DLF,pro,PRO_02,Strong free cash flow generation over 5 years signals healthy business fundamentals,77.04
DLF,pro,PRO_05,Operating profit margin above 25% indicates strong pricing power and cost discipline,71.92
DLF,pro,PRO_08,Consistent dividend yield above 2% backed by positive free cash flow,70.58
DLF,pro,PRO_10,Return on equity improving for 3 consecutive years shows strengthening business quality,73.85
DLF,con,CON_10,Return on capital employed below 10% suggests the business is not generating sufficient returns on invested capital,91.3
DLF,con,CON_12,Revenue growing at below 5% over 5 years lags inflation and suggests limited business momentum,72.15
DMART,pro,PRO_02,Strong free cash flow generation over 5 years signals healthy business fundamentals,82.56
DMART,pro,PRO_04,Revenue growing at above 15% CAGR over 5 years reflects strong business momentum,73.13
DMART,pro,PRO_07,Very high interest coverage ratio reflects negligible financial stress from debt servicing,100.0
DMART,pro,PRO_09,Earnings per share growing above 15% CAGR indicates strong earnings quality and compounding,71.0
DMART,con,CON_FALLBACK,No primary risk signal crossed the defined Con-rule thresholds in the available financial data,61.0
DRREDDY,pro,PRO_02,Strong free cash flow generation over 5 years signals healthy business fundamentals,80.44
DRREDDY,pro,PRO_05,Operating profit margin above 25% indicates strong pricing power and cost discipline,71.61
DRREDDY,pro,PRO_06,Net profit compounding at above 20% over 5 years creates significant shareholder value,71.88
DRREDDY,pro,PRO_07,Very high interest coverage ratio reflects negligible financial stress from debt servicing,93.24
DRREDDY,pro,PRO_09,Earnings per share growing above 15% CAGR indicates strong earnings quality and compounding,76.67
DRREDDY,pro,PRO_10,Return on equity improving for 3 consecutive years shows strengthening business quality,78.67
DRREDDY,pro,PRO_11,Revenue growing slower than profits shows improving operating leverage and scale benefits,79.62
DRREDDY,con,CON_FALLBACK,No primary risk signal crossed the defined Con-rule thresholds in the available financial data,61.0
EICHERMOT,pro,PRO_02,Strong free cash flow generation over 5 years signals healthy business fundamentals,81.48
EICHERMOT,pro,PRO_05,Operating profit margin above 25% indicates strong pricing power and cost discipline,71.17
EICHERMOT,pro,PRO_07,Very high interest coverage ratio reflects negligible financial stress from debt servicing,100.0
EICHERMOT,pro,PRO_08,Consistent dividend yield above 2% backed by positive free cash flow,72.41
EICHERMOT,pro,PRO_09,Earnings per share growing above 15% CAGR indicates strong earnings quality and compounding,73.42
EICHERMOT,pro,PRO_10,Return on equity improving for 3 consecutive years shows strengthening business quality,80.39
EICHERMOT,pro,PRO_11,Revenue growing slower than profits shows improving operating leverage and scale benefits,75.19
EICHERMOT,con,CON_FALLBACK,No primary risk signal crossed the defined Con-rule thresholds in the available financial data,61.0
GAIL,pro,PRO_02,Strong free cash flow generation over 5 years signals healthy business fundamentals,85.36
GAIL,pro,PRO_07,Very high interest coverage ratio reflects negligible financial stress from debt servicing,86.84
GAIL,con,CON_FALLBACK,No primary risk signal crossed the defined Con-rule thresholds in the available financial data,61.0
GODREJCP,pro,PRO_02,Strong free cash flow generation over 5 years signals healthy business fundamentals,81.66
GODREJCP,pro,PRO_08,Consistent dividend yield above 2% backed by positive free cash flow,71.09
GODREJCP,con,CON_04,Company reported a net loss in the most recent financial year,73.2
GRASIM,pro,PRO_02,Strong free cash flow generation over 5 years signals healthy business fundamentals,71.1
GRASIM,con,CON_09,Earnings per share declining for 3 consecutive years reflects deteriorating profitability,100.0
GRASIM,con,CON_10,Return on capital employed below 10% suggests the business is not generating sufficient returns on invested capital,73.5
GRASIM,con,CON_11,Net debt exceeding 3 times EBITDA is a high leverage ratio and limits financial flexibility,88.01
HAL,pro,PRO_01,Consistently high return on equity above 20% demonstrates exceptional capital efficiency,100.0
HAL,pro,PRO_02,Strong free cash flow generation over 5 years signals healthy business fundamentals,73.75
HAL,pro,PRO_05,Operating profit margin above 25% indicates strong pricing power and cost discipline,76.95
HAL,pro,PRO_06,Net profit compounding at above 20% over 5 years creates significant shareholder value,74.41
HAL,pro,PRO_07,Very high interest coverage ratio reflects negligible financial stress from debt servicing,100.0
HAL,pro,PRO_08,Consistent dividend yield above 2% backed by positive free cash flow,70.77
HAL,pro,PRO_09,Earnings per share growing above 15% CAGR indicates strong earnings quality and compounding,79.77
HAL,pro,PRO_11,Revenue growing slower than profits shows improving operating leverage and scale benefits,86.65
HAL,con,CON_08,Rising debt-to-equity ratio over 3 years suggests increasing financial leverage risk,81.6
HAVELLS,pro,PRO_02,Strong free cash flow generation over 5 years signals healthy business fundamentals,75.01
HAVELLS,pro,PRO_04,Revenue growing at above 15% CAGR over 5 years reflects strong business momentum,71.98
HAVELLS,pro,PRO_07,Very high interest coverage ratio reflects negligible financial stress from debt servicing,100.0
HAVELLS,pro,PRO_08,Consistent dividend yield above 2% backed by positive free cash flow,70.6
HAVELLS,con,CON_FALLBACK,No primary risk signal crossed the defined Con-rule thresholds in the available financial data,61.0
HCLTECH,pro,PRO_01,Consistently high return on equity above 20% demonstrates exceptional capital efficiency,80.31
HCLTECH,pro,PRO_02,Strong free cash flow generation over 5 years signals healthy business fundamentals,77.08
HCLTECH,pro,PRO_07,Very high interest coverage ratio reflects negligible financial stress from debt servicing,100.0
HCLTECH,pro,PRO_11,Revenue growing slower than profits shows improving operating leverage and scale benefits,70.73
HCLTECH,con,CON_12,Revenue growing at below 5% over 5 years lags inflation and suggests limited business momentum,74.04
HDFCBANK,pro,PRO_04,Revenue growing at above 15% CAGR over 5 years reflects strong business momentum,76.91
HDFCBANK,pro,PRO_05,Operating profit margin above 25% indicates strong pricing power and cost discipline,100.0
HDFCBANK,pro,PRO_06,Net profit compounding at above 20% over 5 years creates significant shareholder value,71.46
HDFCBANK,pro,PRO_08,Consistent dividend yield above 2% backed by positive free cash flow,72.33
HDFCBANK,con,CON_06,Interest coverage ratio below 1.5x indicates the company is at risk of not meeting its debt obligations,71.8
HDFCBANK,con,CON_10,Return on capital employed below 10% suggests the business is not generating sufficient returns on invested capital,81.65
HDFCBANK,con,CON_11,Net debt exceeding 3 times EBITDA is a high leverage ratio and limits financial flexibility,100.0
HDFCLIFE,pro,PRO_02,Strong free cash flow generation over 5 years signals healthy business fundamentals,78.31
HDFCLIFE,pro,PRO_04,Revenue growing at above 15% CAGR over 5 years reflects strong business momentum,82.96
HDFCLIFE,pro,PRO_05,Operating profit margin above 25% indicates strong pricing power and cost discipline,100.0
HDFCLIFE,pro,PRO_07,Very high interest coverage ratio reflects negligible financial stress from debt servicing,100.0
HDFCLIFE,pro,PRO_08,Consistent dividend yield above 2% backed by positive free cash flow,71.22
HDFCLIFE,con,CON_10,Return on capital employed below 10% suggests the business is not generating sufficient returns on invested capital,86.95
HEROMOTOCO,pro,PRO_02,Strong free cash flow generation over 5 years signals healthy business fundamentals,78.37
HEROMOTOCO,pro,PRO_05,Operating profit margin above 25% indicates strong pricing power and cost discipline,100.0
HEROMOTOCO,pro,PRO_07,Very high interest coverage ratio reflects negligible financial stress from debt servicing,97.19
HEROMOTOCO,con,CON_03,Operating margins declining for 3 consecutive years suggest pricing or cost pressure,72.85
HINDALCO,pro,PRO_02,Strong free cash flow generation over 5 years signals healthy business fundamentals,84.09
HINDALCO,pro,PRO_05,Operating profit margin above 25% indicates strong pricing power and cost discipline,100.0
HINDALCO,pro,PRO_06,Net profit compounding at above 20% over 5 years creates significant shareholder value,77.09
HINDALCO,pro,PRO_07,Very high interest coverage ratio reflects negligible financial stress from debt servicing,100.0
HINDALCO,pro,PRO_09,Earnings per share growing above 15% CAGR indicates strong earnings quality and compounding,81.93
HINDALCO,pro,PRO_11,Revenue growing slower than profits shows improving operating leverage and scale benefits,83.44
HINDALCO,con,CON_FALLBACK,No primary risk signal crossed the defined Con-rule thresholds in the available financial data,61.0
HINDUNILVR,pro,PRO_02,Strong free cash flow generation over 5 years signals healthy business fundamentals,83.58
HINDUNILVR,pro,PRO_05,Operating profit margin above 25% indicates strong pricing power and cost discipline,100.0
HINDUNILVR,pro,PRO_07,Very high interest coverage ratio reflects negligible financial stress from debt servicing,92.8
HINDUNILVR,pro,PRO_08,Consistent dividend yield above 2% backed by positive free cash flow,72.32
HINDUNILVR,pro,PRO_11,Revenue growing slower than profits shows improving operating leverage and scale benefits,70.24
HINDUNILVR,con,CON_FALLBACK,No primary risk signal crossed the defined Con-rule thresholds in the available financial data,61.0
ICICIBANK,pro,PRO_02,Strong free cash flow generation over 5 years signals healthy business fundamentals,76.35
ICICIBANK,pro,PRO_04,Revenue growing at above 15% CAGR over 5 years reflects strong business momentum,71.31
ICICIBANK,pro,PRO_05,Operating profit margin above 25% indicates strong pricing power and cost discipline,100.0
ICICIBANK,pro,PRO_06,Net profit compounding at above 20% over 5 years creates significant shareholder value,86.1
ICICIBANK,pro,PRO_08,Consistent dividend yield above 2% backed by positive free cash flow,71.43
ICICIBANK,pro,PRO_09,Earnings per share growing above 15% CAGR indicates strong earnings quality and compounding,91.08
ICICIBANK,pro,PRO_10,Return on equity improving for 3 consecutive years shows strengthening business quality,75.07
ICICIBANK,pro,PRO_11,Revenue growing slower than profits shows improving operating leverage and scale benefits,89.79
ICICIBANK,con,CON_06,Interest coverage ratio below 1.5x indicates the company is at risk of not meeting its debt obligations,75.4
ICICIBANK,con,CON_10,Return on capital employed below 10% suggests the business is not generating sufficient returns on invested capital,82.0
ICICIBANK,con,CON_11,Net debt exceeding 3 times EBITDA is a high leverage ratio and limits financial flexibility,100.0
ICICIGI,pro,PRO_02,Strong free cash flow generation over 5 years signals healthy business fundamentals,74.16
ICICIGI,pro,PRO_04,Revenue growing at above 15% CAGR over 5 years reflects strong business momentum,70.13
ICICIGI,pro,PRO_05,Operating profit margin above 25% indicates strong pricing power and cost discipline,100.0
ICICIGI,pro,PRO_08,Consistent dividend yield above 2% backed by positive free cash flow,71.46
ICICIGI,pro,PRO_11,Revenue growing slower than profits shows improving operating leverage and scale benefits,70.96
ICICIGI,con,CON_03,Operating margins declining for 3 consecutive years suggest pricing or cost pressure,78.09
ICICIGI,con,CON_06,Interest coverage ratio below 1.5x indicates the company is at risk of not meeting its debt obligations,100.0
ICICIPRULI,pro,PRO_02,Strong free cash flow generation over 5 years signals healthy business fundamentals,70.16
ICICIPRULI,pro,PRO_04,Revenue growing at above 15% CAGR over 5 years reflects strong business momentum,84.84
ICICIPRULI,pro,PRO_05,Operating profit margin above 25% indicates strong pricing power and cost discipline,100.0
ICICIPRULI,pro,PRO_07,Very high interest coverage ratio reflects negligible financial stress from debt servicing,100.0
ICICIPRULI,con,CON_10,Return on capital employed below 10% suggests the business is not generating sufficient returns on invested capital,76.25
INDIGO,pro,PRO_02,Strong free cash flow generation over 5 years signals healthy business fundamentals,71.46
INDIGO,pro,PRO_04,Revenue growing at above 15% CAGR over 5 years reflects strong business momentum,71.42
INDIGO,pro,PRO_05,Operating profit margin above 25% indicates strong pricing power and cost discipline,100.0
INDIGO,pro,PRO_07,Very high interest coverage ratio reflects negligible financial stress from debt servicing,79.97
INDIGO,pro,PRO_08,Consistent dividend yield above 2% backed by positive free cash flow,72.27
INDIGO,pro,PRO_10,Return on equity improving for 3 consecutive years shows strengthening business quality,100.0
INDIGO,con,CON_FALLBACK,No primary risk signal crossed the defined Con-rule thresholds in the available financial data,61.0
INDUSINDBK,pro,PRO_05,Operating profit margin above 25% indicates strong pricing power and cost discipline,86.03
INDUSINDBK,pro,PRO_10,Return on equity improving for 3 consecutive years shows strengthening business quality,77.71
INDUSINDBK,pro,PRO_11,Revenue growing slower than profits shows improving operating leverage and scale benefits,71.72
INDUSINDBK,con,CON_10,Return on capital employed below 10% suggests the business is not generating sufficient returns on invested capital,80.35
INDUSINDBK,con,CON_11,Net debt exceeding 3 times EBITDA is a high leverage ratio and limits financial flexibility,100.0
INFY,pro,PRO_01,Consistently high return on equity above 20% demonstrates exceptional capital efficiency,79.39
INFY,pro,PRO_02,Strong free cash flow generation over 5 years signals healthy business fundamentals,87.0
INFY,pro,PRO_07,Very high interest coverage ratio reflects negligible financial stress from debt servicing,100.0
INFY,pro,PRO_08,Consistent dividend yield above 2% backed by positive free cash flow,72.1
INFY,con,CON_FALLBACK,No primary risk signal crossed the defined Con-rule thresholds in the available financial data,61.0
IOC,pro,PRO_02,Strong free cash flow generation over 5 years signals healthy business fundamentals,80.6
IOC,con,CON_05,Revenue contraction over 2 consecutive years indicates demand weakness or market share loss,79.54
IOC,con,CON_11,Net debt exceeding 3 times EBITDA is a high leverage ratio and limits financial flexibility,73.03
IRCTC,pro,PRO_01,Consistently high return on equity above 20% demonstrates exceptional capital efficiency,84.4
IRCTC,pro,PRO_02,Strong free cash flow generation over 5 years signals healthy business fundamentals,81.08
IRCTC,pro,PRO_05,Operating profit margin above 25% indicates strong pricing power and cost discipline,78.78
IRCTC,pro,PRO_07,Very high interest coverage ratio reflects negligible financial stress from debt servicing,100.0
IRCTC,pro,PRO_09,Earnings per share growing above 15% CAGR indicates strong earnings quality and compounding,75.11
IRCTC,pro,PRO_11,Revenue growing slower than profits shows improving operating leverage and scale benefits,74.03
IRCTC,pro,PRO_12,Growing asset base funded by internal accruals reflects self-sustaining growth,90.0
IRCTC,con,CON_03,Operating margins declining for 3 consecutive years suggest pricing or cost pressure,82.73
IRFC,pro,PRO_05,Operating profit margin above 25% indicates strong pricing power and cost discipline,100.0
IRFC,pro,PRO_08,Consistent dividend yield above 2% backed by positive free cash flow,70.82
IRFC,pro,PRO_11,Revenue growing slower than profits shows improving operating leverage and scale benefits,70.5
IRFC,con,CON_06,Interest coverage ratio below 1.5x indicates the company is at risk of not meeting its debt obligations,73.6
IRFC,con,CON_10,Return on capital employed below 10% suggests the business is not generating sufficient returns on invested capital,91.35
IRFC,con,CON_11,Net debt exceeding 3 times EBITDA is a high leverage ratio and limits financial flexibility,100.0
ITC,pro,PRO_01,Consistently high return on equity above 20% demonstrates exceptional capital efficiency,74.82
ITC,pro,PRO_02,Strong free cash flow generation over 5 years signals healthy business fundamentals,91.96
ITC,pro,PRO_05,Operating profit margin above 25% indicates strong pricing power and cost discipline,80.46
ITC,pro,PRO_07,Very high interest coverage ratio reflects negligible financial stress from debt servicing,100.0
ITC,pro,PRO_08,Consistent dividend yield above 2% backed by positive free cash flow,72.26
ITC,con,CON_FALLBACK,No primary risk signal crossed the defined Con-rule thresholds in the available financial data,61.0
JINDALSTEL,pro,PRO_02,Strong free cash flow generation over 5 years signals healthy business fundamentals,86.8
JINDALSTEL,con,CON_05,Revenue contraction over 2 consecutive years indicates demand weakness or market share loss,76.0
JIOFIN,pro,PRO_05,Operating profit margin above 25% indicates strong pricing power and cost discipline,100.0
JIOFIN,pro,PRO_08,Consistent dividend yield above 2% backed by positive free cash flow,71.09
JIOFIN,con,CON_10,Return on capital employed below 10% suggests the business is not generating sufficient returns on invested capital,100.0
JSWENERGY,pro,PRO_02,Strong free cash flow generation over 5 years signals healthy business fundamentals,74.95
JSWENERGY,pro,PRO_05,Operating profit margin above 25% indicates strong pricing power and cost discipline,92.14
JSWENERGY,pro,PRO_11,Revenue growing slower than profits shows improving operating leverage and scale benefits,76.31
JSWENERGY,con,CON_10,Return on capital employed below 10% suggests the business is not generating sufficient returns on invested capital,77.05
JSWENERGY,con,CON_11,Net debt exceeding 3 times EBITDA is a high leverage ratio and limits financial flexibility,84.23
JSWSTEEL,pro,PRO_02,Strong free cash flow generation over 5 years signals healthy business fundamentals,89.38
JSWSTEEL,pro,PRO_04,Revenue growing at above 15% CAGR over 5 years reflects strong business momentum,73.35
JSWSTEEL,pro,PRO_08,Consistent dividend yield above 2% backed by positive free cash flow,70.94
JSWSTEEL,con,CON_11,Net debt exceeding 3 times EBITDA is a high leverage ratio and limits financial flexibility,70.26
KOTAKBANK,pro,PRO_02,Strong free cash flow generation over 5 years signals healthy business fundamentals,74.59
KOTAKBANK,pro,PRO_05,Operating profit margin above 25% indicates strong pricing power and cost discipline,100.0
KOTAKBANK,pro,PRO_06,Net profit compounding at above 20% over 5 years creates significant shareholder value,71.26
KOTAKBANK,pro,PRO_09,Earnings per share growing above 15% CAGR indicates strong earnings quality and compounding,75.22
KOTAKBANK,pro,PRO_10,Return on equity improving for 3 consecutive years shows strengthening business quality,72.16
KOTAKBANK,pro,PRO_11,Revenue growing slower than profits shows improving operating leverage and scale benefits,77.4
KOTAKBANK,con,CON_06,Interest coverage ratio below 1.5x indicates the company is at risk of not meeting its debt obligations,76.6
KOTAKBANK,con,CON_10,Return on capital employed below 10% suggests the business is not generating sufficient returns on invested capital,80.7
KOTAKBANK,con,CON_11,Net debt exceeding 3 times EBITDA is a high leverage ratio and limits financial flexibility,100.0
LICI,pro,PRO_01,Consistently high return on equity above 20% demonstrates exceptional capital efficiency,86.38
LICI,pro,PRO_02,Strong free cash flow generation over 5 years signals healthy business fundamentals,71.15
LICI,pro,PRO_06,Net profit compounding at above 20% over 5 years creates significant shareholder value,100.0
LICI,pro,PRO_08,Consistent dividend yield above 2% backed by positive free cash flow,71.77
LICI,pro,PRO_11,Revenue growing slower than profits shows improving operating leverage and scale benefits,100.0
LICI,con,CON_FALLBACK,No primary risk signal crossed the defined Con-rule thresholds in the available financial data,61.0
LODHA,pro,PRO_02,Strong free cash flow generation over 5 years signals healthy business fundamentals,86.18
LODHA,pro,PRO_05,Operating profit margin above 25% indicates strong pricing power and cost discipline,73.08
LODHA,pro,PRO_06,Net profit compounding at above 20% over 5 years creates significant shareholder value,77.61
LODHA,pro,PRO_08,Consistent dividend yield above 2% backed by positive free cash flow,72.05
LODHA,pro,PRO_09,Earnings per share growing above 15% CAGR indicates strong earnings quality and compounding,77.67
LODHA,pro,PRO_11,Revenue growing slower than profits shows improving operating leverage and scale benefits,95.85
LODHA,con,CON_12,Revenue growing at below 5% over 5 years lags inflation and suggests limited business momentum,73.24
LT,pro,PRO_01,Consistently high return on equity above 20% demonstrates exceptional capital efficiency,100.0
LT,pro,PRO_02,Strong free cash flow generation over 5 years signals healthy business fundamentals,84.7
LT,con,CON_03,Operating margins declining for 3 consecutive years suggest pricing or cost pressure,72.63
LTIM,pro,PRO_01,Consistently high return on equity above 20% demonstrates exceptional capital efficiency,72.9
LTIM,pro,PRO_02,Strong free cash flow generation over 5 years signals healthy business fundamentals,77.16
LTIM,pro,PRO_04,Revenue growing at above 15% CAGR over 5 years reflects strong business momentum,82.83
LTIM,pro,PRO_06,Net profit compounding at above 20% over 5 years creates significant shareholder value,74.65
LTIM,pro,PRO_07,Very high interest coverage ratio reflects negligible financial stress from debt servicing,86.36
LTIM,pro,PRO_08,Consistent dividend yield above 2% backed by positive free cash flow,72.43
LTIM,con,CON_03,Operating margins declining for 3 consecutive years suggest pricing or cost pressure,72.77
M&M,pro,PRO_09,Earnings per share growing above 15% CAGR indicates strong earnings quality and compounding,100.0
M&M,con,CON_11,Net debt exceeding 3 times EBITDA is a high leverage ratio and limits financial flexibility,76.27
MARUTI,pro,PRO_02,Strong free cash flow generation over 5 years signals healthy business fundamentals,72.18
MARUTI,pro,PRO_07,Very high interest coverage ratio reflects negligible financial stress from debt servicing,100.0
MARUTI,pro,PRO_09,Earnings per share growing above 15% CAGR indicates strong earnings quality and compounding,73.86
MARUTI,pro,PRO_11,Revenue growing slower than profits shows improving operating leverage and scale benefits,75.89
MARUTI,con,CON_FALLBACK,No primary risk signal crossed the defined Con-rule thresholds in the available financial data,61.0
MOTHERSON,pro,PRO_02,Strong free cash flow generation over 5 years signals healthy business fundamentals,80.06
MOTHERSON,pro,PRO_06,Net profit compounding at above 20% over 5 years creates significant shareholder value,76.08
MOTHERSON,pro,PRO_08,Consistent dividend yield above 2% backed by positive free cash flow,70.18
MOTHERSON,pro,PRO_09,Earnings per share growing above 15% CAGR indicates strong earnings quality and compounding,79.57
MOTHERSON,pro,PRO_11,Revenue growing slower than profits shows improving operating leverage and scale benefits,83.59
MOTHERSON,con,CON_FALLBACK,No primary risk signal crossed the defined Con-rule thresholds in the available financial data,61.0
NAUKRI,pro,PRO_02,Strong free cash flow generation over 5 years signals healthy business fundamentals,75.78
NAUKRI,pro,PRO_04,Revenue growing at above 15% CAGR over 5 years reflects strong business momentum,70.2
NAUKRI,pro,PRO_05,Operating profit margin above 25% indicates strong pricing power and cost discipline,73.21
NAUKRI,pro,PRO_07,Very high interest coverage ratio reflects negligible financial stress from debt servicing,100.0
NAUKRI,pro,PRO_08,Consistent dividend yield above 2% backed by positive free cash flow,72.29
NAUKRI,con,CON_10,Return on capital employed below 10% suggests the business is not generating sufficient returns on invested capital,100.0
NESTLEIND,pro,PRO_01,Consistently high return on equity above 20% demonstrates exceptional capital efficiency,100.0
NESTLEIND,pro,PRO_02,Strong free cash flow generation over 5 years signals healthy business fundamentals,85.38
NESTLEIND,pro,PRO_07,Very high interest coverage ratio reflects negligible financial stress from debt servicing,100.0
NESTLEIND,pro,PRO_08,Consistent dividend yield above 2% backed by positive free cash flow,71.85
NESTLEIND,pro,PRO_11,Revenue growing slower than profits shows improving operating leverage and scale benefits,71.61
NESTLEIND,con,CON_FALLBACK,No primary risk signal crossed the defined Con-rule thresholds in the available financial data,61.0
NHPC,pro,PRO_02,Strong free cash flow generation over 5 years signals healthy business fundamentals,83.9
NHPC,pro,PRO_05,Operating profit margin above 25% indicates strong pricing power and cost discipline,96.75
NHPC,pro,PRO_11,Revenue growing slower than profits shows improving operating leverage and scale benefits,71.07
NHPC,con,CON_08,Rising debt-to-equity ratio over 3 years suggests increasing financial leverage risk,72.6
NHPC,con,CON_10,Return on capital employed below 10% suggests the business is not generating sufficient returns on invested capital,81.65
NHPC,con,CON_11,Net debt exceeding 3 times EBITDA is a high leverage ratio and limits financial flexibility,95.25
NHPC,con,CON_12,Revenue growing at below 5% over 5 years lags inflation and suggests limited business momentum,75.64
NTPC,pro,PRO_02,Strong free cash flow generation over 5 years signals healthy business fundamentals,91.89
NTPC,pro,PRO_05,Operating profit margin above 25% indicates strong pricing power and cost discipline,73.18
NTPC,pro,PRO_11,Revenue growing slower than profits shows improving operating leverage and scale benefits,72.46
NTPC,con,CON_11,Net debt exceeding 3 times EBITDA is a high leverage ratio and limits financial flexibility,74.87
ONGC,pro,PRO_02,Strong free cash flow generation over 5 years signals healthy business fundamentals,86.11
ONGC,pro,PRO_06,Net profit compounding at above 20% over 5 years creates significant shareholder value,79.87
ONGC,pro,PRO_09,Earnings per share growing above 15% CAGR indicates strong earnings quality and compounding,84.67
ONGC,pro,PRO_11,Revenue growing slower than profits shows improving operating leverage and scale benefits,89.2
ONGC,con,CON_FALLBACK,No primary risk signal crossed the defined Con-rule thresholds in the available financial data,61.0
PFC,pro,PRO_01,Consistently high return on equity above 20% demonstrates exceptional capital efficiency,75.17
PFC,pro,PRO_05,Operating profit margin above 25% indicates strong pricing power and cost discipline,81.44
PFC,pro,PRO_06,Net profit compounding at above 20% over 5 years creates significant shareholder value,74.41
PFC,pro,PRO_09,Earnings per share growing above 15% CAGR indicates strong earnings quality and compounding,78.81
PFC,pro,PRO_11,Revenue growing slower than profits shows improving operating leverage and scale benefits,84.85
PFC,con,CON_06,Interest coverage ratio below 1.5x indicates the company is at risk of not meeting its debt obligations,88.4
PFC,con,CON_10,Return on capital employed below 10% suggests the business is not generating sufficient returns on invested capital,70.2
PFC,con,CON_11,Net debt exceeding 3 times EBITDA is a high leverage ratio and limits financial flexibility,100.0
PIDILITIND,pro,PRO_02,Strong free cash flow generation over 5 years signals healthy business fundamentals,79.23
PIDILITIND,pro,PRO_07,Very high interest coverage ratio reflects negligible financial stress from debt servicing,100.0
PIDILITIND,pro,PRO_12,Growing asset base funded by internal accruals reflects self-sustaining growth,90.0
PIDILITIND,con,CON_FALLBACK,No primary risk signal crossed the defined Con-rule thresholds in the available financial data,61.0
PNB,pro,PRO_01,Consistently high return on equity above 20% demonstrates exceptional capital efficiency,80.67
PNB,pro,PRO_04,Revenue growing at above 15% CAGR over 5 years reflects strong business momentum,71.16
PNB,pro,PRO_06,Net profit compounding at above 20% over 5 years creates significant shareholder value,100.0
PNB,pro,PRO_09,Earnings per share growing above 15% CAGR indicates strong earnings quality and compounding,100.0
PNB,pro,PRO_11,Revenue growing slower than profits shows improving operating leverage and scale benefits,100.0
PNB,con,CON_10,Return on capital employed below 10% suggests the business is not generating sufficient returns on invested capital,100.0
POWERGRID,pro,PRO_02,Strong free cash flow generation over 5 years signals healthy business fundamentals,86.0
POWERGRID,pro,PRO_05,Operating profit margin above 25% indicates strong pricing power and cost discipline,100.0
POWERGRID,pro,PRO_08,Consistent dividend yield above 2% backed by positive free cash flow,71.09
POWERGRID,pro,PRO_11,Revenue growing slower than profits shows improving operating leverage and scale benefits,73.33
POWERGRID,con,CON_12,Revenue growing at below 5% over 5 years lags inflation and suggests limited business momentum,71.05
RECLTD,pro,PRO_05,Operating profit margin above 25% indicates strong pricing power and cost discipline,100.0
RECLTD,pro,PRO_06,Net profit compounding at above 20% over 5 years creates significant shareholder value,74.52
RECLTD,pro,PRO_09,Earnings per share growing above 15% CAGR indicates strong earnings quality and compounding,79.57
RECLTD,pro,PRO_11,Revenue growing slower than profits shows improving operating leverage and scale benefits,83.07
RECLTD,con,CON_02,Free cash flow negative for 3 consecutive years raises concern about cash generation quality,90.0
RECLTD,con,CON_11,Net debt exceeding 3 times EBITDA is a high leverage ratio and limits financial flexibility,100.0
RELIANCE,pro,PRO_02,Strong free cash flow generation over 5 years signals healthy business fundamentals,88.44
RELIANCE,pro,PRO_08,Consistent dividend yield above 2% backed by positive free cash flow,72.21
RELIANCE,pro,PRO_11,Revenue growing slower than profits shows improving operating leverage and scale benefits,75.41
RELIANCE,con,CON_10,Return on capital employed below 10% suggests the business is not generating sufficient returns on invested capital,71.95
SBILIFE,pro,PRO_02,Strong free cash flow generation over 5 years signals healthy business fundamentals,88.04
SBILIFE,pro,PRO_04,Revenue growing at above 15% CAGR over 5 years reflects strong business momentum,79.32
SBILIFE,con,CON_FALLBACK,No primary risk signal crossed the defined Con-rule thresholds in the available financial data,61.0
SBIN,pro,PRO_06,Net profit compounding at above 20% over 5 years creates significant shareholder value,78.64
SBIN,pro,PRO_09,Earnings per share growing above 15% CAGR indicates strong earnings quality and compounding,84.46
SBIN,pro,PRO_11,Revenue growing slower than profits shows improving operating leverage and scale benefits,86.92
SBIN,con,CON_06,Interest coverage ratio below 1.5x indicates the company is at risk of not meeting its debt obligations,93.2
SBIN,con,CON_10,Return on capital employed below 10% suggests the business is not generating sufficient returns on invested capital,89.2
SHREECEM,pro,PRO_02,Strong free cash flow generation over 5 years signals healthy business fundamentals,79.23
SHREECEM,pro,PRO_07,Very high interest coverage ratio reflects negligible financial stress from debt servicing,81.15
SHREECEM,pro,PRO_08,Consistent dividend yield above 2% backed by positive free cash flow,71.2
SHREECEM,pro,PRO_11,Revenue growing slower than profits shows improving operating leverage and scale benefits,70.71
SHREECEM,con,CON_03,Operating margins declining for 3 consecutive years suggest pricing or cost pressure,77.47
SHREECEM,con,CON_12,Revenue growing at below 5% over 5 years lags inflation and suggests limited business momentum,75.71
SHRIRAMFIN,pro,PRO_04,Revenue growing at above 15% CAGR over 5 years reflects strong business momentum,74.21
SHRIRAMFIN,pro,PRO_05,Operating profit margin above 25% indicates strong pricing power and cost discipline,73.64
SHRIRAMFIN,pro,PRO_06,Net profit compounding at above 20% over 5 years creates significant shareholder value,80.35
SHRIRAMFIN,pro,PRO_09,Earnings per share growing above 15% CAGR indicates strong earnings quality and compounding,75.11
SHRIRAMFIN,pro,PRO_11,Revenue growing slower than profits shows improving operating leverage and scale benefits,81.14
SHRIRAMFIN,con,CON_02,Free cash flow negative for 3 consecutive years raises concern about cash generation quality,90.0
SHRIRAMFIN,con,CON_06,Interest coverage ratio below 1.5x indicates the company is at risk of not meeting its debt obligations,84.6
SHRIRAMFIN,con,CON_11,Net debt exceeding 3 times EBITDA is a high leverage ratio and limits financial flexibility,100.0
SIEMENS,pro,PRO_02,Strong free cash flow generation over 5 years signals healthy business fundamentals,77.97
SIEMENS,pro,PRO_07,Very high interest coverage ratio reflects negligible financial stress from debt servicing,100.0
SIEMENS,pro,PRO_08,Consistent dividend yield above 2% backed by positive free cash flow,71.69
SIEMENS,pro,PRO_09,Earnings per share growing above 15% CAGR indicates strong earnings quality and compounding,74.64
SIEMENS,pro,PRO_10,Return on equity improving for 3 consecutive years shows strengthening business quality,77.18
SIEMENS,pro,PRO_11,Revenue growing slower than profits shows improving operating leverage and scale benefits,78.66
SIEMENS,con,CON_FALLBACK,No primary risk signal crossed the defined Con-rule thresholds in the available financial data,61.0
SUNPHARMA,pro,PRO_02,Strong free cash flow generation over 5 years signals healthy business fundamentals,83.57
SUNPHARMA,pro,PRO_05,Operating profit margin above 25% indicates strong pricing power and cost discipline,72.95
SUNPHARMA,pro,PRO_06,Net profit compounding at above 20% over 5 years creates significant shareholder value,71.65
SUNPHARMA,pro,PRO_07,Very high interest coverage ratio reflects negligible financial stress from debt servicing,100.0
SUNPHARMA,pro,PRO_08,Consistent dividend yield above 2% backed by positive free cash flow,71.88
SUNPHARMA,pro,PRO_09,Earnings per share growing above 15% CAGR indicates strong earnings quality and compounding,78.52
SUNPHARMA,pro,PRO_11,Revenue growing slower than profits shows improving operating leverage and scale benefits,82.74
SUNPHARMA,con,CON_FALLBACK,No primary risk signal crossed the defined Con-rule thresholds in the available financial data,61.0
TATACONSUM,pro,PRO_02,Strong free cash flow generation over 5 years signals healthy business fundamentals,83.28
TATACONSUM,pro,PRO_06,Net profit compounding at above 20% over 5 years creates significant shareholder value,70.53
TATACONSUM,pro,PRO_09,Earnings per share growing above 15% CAGR indicates strong earnings quality and compounding,74.14
TATACONSUM,pro,PRO_11,Revenue growing slower than profits shows improving operating leverage and scale benefits,79.45
TATACONSUM,con,CON_FALLBACK,No primary risk signal crossed the defined Con-rule thresholds in the available financial data,61.0
TATAMOTORS,pro,PRO_02,Strong free cash flow generation over 5 years signals healthy business fundamentals,76.19
TATAMOTORS,pro,PRO_08,Consistent dividend yield above 2% backed by positive free cash flow,71.65
TATAMOTORS,pro,PRO_12,Growing asset base funded by internal accruals reflects self-sustaining growth,90.0
TATAMOTORS,con,CON_FALLBACK,No primary risk signal crossed the defined Con-rule thresholds in the available financial data,61.0
TATAPOWER,pro,PRO_02,Strong free cash flow generation over 5 years signals healthy business fundamentals,80.92
TATAPOWER,pro,PRO_04,Revenue growing at above 15% CAGR over 5 years reflects strong business momentum,71.86
TATAPOWER,pro,PRO_06,Net profit compounding at above 20% over 5 years creates significant shareholder value,77.32
TATAPOWER,pro,PRO_09,Earnings per share growing above 15% CAGR indicates strong earnings quality and compounding,79.57
TATAPOWER,pro,PRO_11,Revenue growing slower than profits shows improving operating leverage and scale benefits,80.46
TATAPOWER,con,CON_11,Net debt exceeding 3 times EBITDA is a high leverage ratio and limits financial flexibility,78.92
TATASTEEL,pro,PRO_02,Strong free cash flow generation over 5 years signals healthy business fundamentals,88.55
TATASTEEL,pro,PRO_11,Revenue growing slower than profits shows improving operating leverage and scale benefits,76.98
TATASTEEL,con,CON_05,Revenue contraction over 2 consecutive years indicates demand weakness or market share loss,79.18
TATASTEEL,con,CON_10,Return on capital employed below 10% suggests the business is not generating sufficient returns on invested capital,84.9
TCS,pro,PRO_01,Consistently high return on equity above 20% demonstrates exceptional capital efficiency,93.13
TCS,pro,PRO_02,Strong free cash flow generation over 5 years signals healthy business fundamentals,94.2
TCS,pro,PRO_05,Operating profit margin above 25% indicates strong pricing power and cost discipline,71.81
TCS,pro,PRO_07,Very high interest coverage ratio reflects negligible financial stress from debt servicing,100.0
TCS,pro,PRO_10,Return on equity improving for 3 consecutive years shows strengthening business quality,83.27
TCS,con,CON_FALLBACK,No primary risk signal crossed the defined Con-rule thresholds in the available financial data,61.0
TECHM,pro,PRO_02,Strong free cash flow generation over 5 years signals healthy business fundamentals,82.06
TECHM,pro,PRO_07,Very high interest coverage ratio reflects negligible financial stress from debt servicing,84.73
TECHM,con,CON_FALLBACK,No primary risk signal crossed the defined Con-rule thresholds in the available financial data,61.0
TITAN,pro,PRO_01,Consistently high return on equity above 20% demonstrates exceptional capital efficiency,73.63
TITAN,pro,PRO_04,Revenue growing at above 15% CAGR over 5 years reflects strong business momentum,75.94
TITAN,pro,PRO_08,Consistent dividend yield above 2% backed by positive free cash flow,71.1
TITAN,pro,PRO_09,Earnings per share growing above 15% CAGR indicates strong earnings quality and compounding,71.83
TITAN,pro,PRO_10,Return on equity improving for 3 consecutive years shows strengthening business quality,94.23
TITAN,con,CON_08,Rising debt-to-equity ratio over 3 years suggests increasing financial leverage risk,88.0
TITAN,con,CON_11,Net debt exceeding 3 times EBITDA is a high leverage ratio and limits financial flexibility,76.78
TORNTPHARM,pro,PRO_02,Strong free cash flow generation over 5 years signals healthy business fundamentals,80.35
TORNTPHARM,pro,PRO_05,Operating profit margin above 25% indicates strong pricing power and cost discipline,77.21
TORNTPHARM,pro,PRO_07,Very high interest coverage ratio reflects negligible financial stress from debt servicing,73.45
TORNTPHARM,pro,PRO_11,Revenue growing slower than profits shows improving operating leverage and scale benefits,75.36
TORNTPHARM,con,CON_FALLBACK,No primary risk signal crossed the defined Con-rule thresholds in the available financial data,61.0
TRENT,pro,PRO_02,Strong free cash flow generation over 5 years signals healthy business fundamentals,71.84
TRENT,pro,PRO_04,Revenue growing at above 15% CAGR over 5 years reflects strong business momentum,88.94
TRENT,pro,PRO_06,Net profit compounding at above 20% over 5 years creates significant shareholder value,100.0
TRENT,pro,PRO_07,Very high interest coverage ratio reflects negligible financial stress from debt servicing,76.91
TRENT,pro,PRO_08,Consistent dividend yield above 2% backed by positive free cash flow,71.46
TRENT,pro,PRO_09,Earnings per share growing above 15% CAGR indicates strong earnings quality and compounding,100.0
TRENT,pro,PRO_10,Return on equity improving for 3 consecutive years shows strengthening business quality,100.0
TRENT,pro,PRO_11,Revenue growing slower than profits shows improving operating leverage and scale benefits,100.0
TRENT,con,CON_FALLBACK,No primary risk signal crossed the defined Con-rule thresholds in the available financial data,61.0
TVSMOTOR,pro,PRO_04,Revenue growing at above 15% CAGR over 5 years reflects strong business momentum,72.87
TVSMOTOR,pro,PRO_06,Net profit compounding at above 20% over 5 years creates significant shareholder value,76.48
TVSMOTOR,pro,PRO_09,Earnings per share growing above 15% CAGR indicates strong earnings quality and compounding,81.43
TVSMOTOR,pro,PRO_10,Return on equity improving for 3 consecutive years shows strengthening business quality,80.33
TVSMOTOR,pro,PRO_11,Revenue growing slower than profits shows improving operating leverage and scale benefits,78.61
TVSMOTOR,con,CON_02,Free cash flow negative for 3 consecutive years raises concern about cash generation quality,90.0
